"prov","fecha","total_streets","f_streets"
"a coruna","2001_06",9812,50
"a coruna","2010_12",11338,21
"a coruna","2011_06",11392,21
"a coruna","2011_12",11431,21
"a coruna","2012_06",11484,21
"a coruna","2012_12",11460,21
"a coruna","2013_06",11473,20
"a coruna","2013_12",11492,19
"a coruna","2014_06",11465,19
"a coruna","2014_12",11495,19
"a coruna","2015_06",11553,19
"a coruna","2015_12",11573,16
"a coruna","2016_06",11610,12
"a coruna","2016_12",11634,11
"a coruna","2017_06",11839,11
"a coruna","2017_12",11939,11
"a coruna","2018_06",11952,11
"a coruna","2018_12",11943,11
"a coruna","2019_06",12029,10
"a coruna","2019_12",12057,10
"a coruna","2020_06",12077,10
"alava","2001_06",3131,3
"alava","2010_12",3835,1
"alava","2011_06",3838,1
"alava","2011_12",3843,1
"alava","2012_06",3924,1
"alava","2012_12",3943,1
"alava","2013_06",3946,1
"alava","2013_12",3948,1
"alava","2014_06",3953,1
"alava","2014_12",3957,1
"alava","2015_06",3957,1
"alava","2015_12",3966,1
"alava","2016_06",3971,1
"alava","2016_12",3973,1
"alava","2017_06",3975,1
"alava","2017_12",3978,1
"alava","2018_06",3980,1
"alava","2018_12",4010,1
"alava","2019_06",4013,1
"alava","2019_12",4025,1
"alava","2020_06",4027,1
"albacete","2001_06",8914,87
"albacete","2010_12",9951,48
"albacete","2011_06",9956,46
"albacete","2011_12",9976,45
"albacete","2012_06",9983,45
"albacete","2012_12",10009,45
"albacete","2013_06",10022,44
"albacete","2013_12",10055,43
"albacete","2014_06",10065,43
"albacete","2014_12",10091,42
"albacete","2015_06",10095,42
"albacete","2015_12",10123,41
"albacete","2016_06",10132,40
"albacete","2016_12",10159,37
"albacete","2017_06",10175,36
"albacete","2017_12",10209,35
"albacete","2018_06",10219,35
"albacete","2018_12",10244,32
"albacete","2019_06",10258,32
"albacete","2019_12",10282,32
"albacete","2020_06",10287,32
"alicante","2001_06",25678,122
"alicante","2010_12",30725,100
"alicante","2011_06",30776,100
"alicante","2011_12",30843,100
"alicante","2012_06",30886,100
"alicante","2012_12",30924,90
"alicante","2013_06",30957,90
"alicante","2013_12",31001,87
"alicante","2014_06",31048,86
"alicante","2014_12",31094,83
"alicante","2015_06",31133,83
"alicante","2015_12",31158,83
"alicante","2016_06",31183,82
"alicante","2016_12",31218,82
"alicante","2017_06",31299,76
"alicante","2017_12",31331,76
"alicante","2018_06",31368,76
"alicante","2018_12",31424,61
"alicante","2019_06",31502,61
"alicante","2019_12",31528,60
"alicante","2020_06",31548,59
"almeria","2001_06",17366,77
"almeria","2010_12",21354,60
"almeria","2011_06",21413,60
"almeria","2011_12",21472,60
"almeria","2012_06",21546,60
"almeria","2012_12",21601,60
"almeria","2013_06",21877,60
"almeria","2013_12",21960,60
"almeria","2014_06",22019,60
"almeria","2014_12",22208,60
"almeria","2015_06",22244,60
"almeria","2015_12",22334,58
"almeria","2016_06",22361,58
"almeria","2016_12",22379,58
"almeria","2017_06",22517,56
"almeria","2017_12",22682,54
"almeria","2018_06",22720,54
"almeria","2018_12",22777,48
"almeria","2019_06",22811,48
"almeria","2019_12",22895,48
"almeria","2020_06",22913,48
"asturias","2001_06",10450,54
"asturias","2010_12",13295,41
"asturias","2011_06",13340,41
"asturias","2011_12",13350,41
"asturias","2012_06",13479,41
"asturias","2012_12",13601,41
"asturias","2013_06",13650,41
"asturias","2013_12",13650,40
"asturias","2014_06",13951,40
"asturias","2014_12",13960,40
"asturias","2015_06",14042,40
"asturias","2015_12",14070,40
"asturias","2016_06",14088,39
"asturias","2016_12",14222,35
"asturias","2017_06",14311,34
"asturias","2017_12",14378,34
"asturias","2018_06",14492,32
"asturias","2018_12",14545,32
"asturias","2019_06",14568,32
"asturias","2019_12",14755,32
"asturias","2020_06",14886,34
"avila","2001_06",9077,240
"avila","2010_12",10505,183
"avila","2011_06",10524,183
"avila","2011_12",10558,182
"avila","2012_06",10592,172
"avila","2012_12",10607,171
"avila","2013_06",10677,170
"avila","2013_12",10730,167
"avila","2014_06",10751,166
"avila","2014_12",10858,162
"avila","2015_06",10888,162
"avila","2015_12",11003,162
"avila","2016_06",11039,162
"avila","2016_12",11078,155
"avila","2017_06",11049,132
"avila","2017_12",11084,110
"avila","2018_06",11117,82
"avila","2018_12",11140,69
"avila","2019_06",11176,66
"avila","2019_12",11200,61
"avila","2020_06",11236,61
"badajoz","2001_06",14438,137
"badajoz","2010_12",17177,113
"badajoz","2011_06",17253,112
"badajoz","2011_12",17333,111
"badajoz","2012_06",17399,111
"badajoz","2012_12",17553,110
"badajoz","2013_06",17623,110
"badajoz","2013_12",17718,110
"badajoz","2014_06",17748,110
"badajoz","2014_12",17830,109
"badajoz","2015_06",17886,109
"badajoz","2015_12",17993,105
"badajoz","2016_06",18039,105
"badajoz","2016_12",18126,104
"badajoz","2017_06",18176,101
"badajoz","2017_12",18271,77
"badajoz","2018_06",18307,72
"badajoz","2018_12",18290,64
"badajoz","2019_06",18321,64
"badajoz","2019_12",18411,63
"badajoz","2020_06",18464,63
"baleares","2001_06",16515,29
"baleares","2010_12",17952,22
"baleares","2011_06",18005,22
"baleares","2011_12",18055,22
"baleares","2012_06",18113,22
"baleares","2012_12",18140,22
"baleares","2013_06",18250,22
"baleares","2013_12",18311,19
"baleares","2014_06",18318,19
"baleares","2014_12",18336,19
"baleares","2015_06",18351,19
"baleares","2015_12",18381,19
"baleares","2016_06",18474,19
"baleares","2016_12",18491,18
"baleares","2017_06",18502,17
"baleares","2017_12",18516,15
"baleares","2018_06",18545,15
"baleares","2018_12",18526,13
"baleares","2019_06",18543,13
"baleares","2019_12",18562,13
"baleares","2020_06",18527,13
"barcelona","2001_06",61018,14
"barcelona","2010_12",65983,10
"barcelona","2011_06",66090,10
"barcelona","2011_12",66190,10
"barcelona","2012_06",66248,10
"barcelona","2012_12",66347,10
"barcelona","2013_06",66519,10
"barcelona","2013_12",66570,10
"barcelona","2014_06",66640,10
"barcelona","2014_12",66957,10
"barcelona","2015_06",66922,9
"barcelona","2015_12",67094,9
"barcelona","2016_06",67116,8
"barcelona","2016_12",67154,8
"barcelona","2017_06",67109,8
"barcelona","2017_12",67238,8
"barcelona","2018_06",67297,8
"barcelona","2018_12",67274,8
"barcelona","2019_06",67341,8
"barcelona","2019_12",67454,8
"barcelona","2020_06",67522,7
"bizkaia","2001_06",6041,4
"bizkaia","2010_12",6594,3
"bizkaia","2011_06",6603,3
"bizkaia","2011_12",6617,3
"bizkaia","2012_06",6625,3
"bizkaia","2012_12",6635,3
"bizkaia","2013_06",6638,3
"bizkaia","2013_12",6648,3
"bizkaia","2014_06",6651,3
"bizkaia","2014_12",6662,3
"bizkaia","2015_06",6666,3
"bizkaia","2015_12",6671,3
"bizkaia","2016_06",6673,3
"bizkaia","2016_12",6686,3
"bizkaia","2017_06",6689,3
"bizkaia","2017_12",6693,3
"bizkaia","2018_06",6696,3
"bizkaia","2018_12",6670,3
"bizkaia","2019_06",6671,3
"bizkaia","2019_12",6675,3
"bizkaia","2020_06",6676,3
"burgos","2001_06",10684,130
"burgos","2010_12",13199,94
"burgos","2011_06",13224,94
"burgos","2011_12",13285,93
"burgos","2012_06",13317,93
"burgos","2012_12",13390,93
"burgos","2013_06",13404,93
"burgos","2013_12",13468,94
"burgos","2014_06",13475,93
"burgos","2014_12",13499,92
"burgos","2015_06",13540,91
"burgos","2015_12",13600,91
"burgos","2016_06",13635,85
"burgos","2016_12",13660,81
"burgos","2017_06",13668,71
"burgos","2017_12",13681,54
"burgos","2018_06",13694,49
"burgos","2018_12",13706,36
"burgos","2019_06",13746,31
"burgos","2019_12",13772,30
"burgos","2020_06",13842,28
"caceres","2001_06",15758,417
"caceres","2010_12",18285,210
"caceres","2011_06",18344,210
"caceres","2011_12",18437,208
"caceres","2012_06",18475,208
"caceres","2012_12",18627,205
"caceres","2013_06",18650,204
"caceres","2013_12",18742,204
"caceres","2014_06",18753,204
"caceres","2014_12",18812,199
"caceres","2015_06",18826,197
"caceres","2015_12",18964,197
"caceres","2016_06",18967,197
"caceres","2016_12",19000,189
"caceres","2017_06",19029,182
"caceres","2017_12",19067,158
"caceres","2018_06",19092,134
"caceres","2018_12",19086,92
"caceres","2019_06",19118,92
"caceres","2019_12",19170,86
"caceres","2020_06",19178,84
"cadiz","2001_06",19279,95
"cadiz","2010_12",23009,63
"cadiz","2011_06",23053,63
"cadiz","2011_12",23145,63
"cadiz","2012_06",23212,63
"cadiz","2012_12",23345,63
"cadiz","2013_06",23456,62
"cadiz","2013_12",23510,62
"cadiz","2014_06",23524,62
"cadiz","2014_12",23548,62
"cadiz","2015_06",23601,62
"cadiz","2015_12",23626,61
"cadiz","2016_06",23648,61
"cadiz","2016_12",23664,61
"cadiz","2017_06",23701,60
"cadiz","2017_12",23738,57
"cadiz","2018_06",23702,57
"cadiz","2018_12",23740,57
"cadiz","2019_06",23778,57
"cadiz","2019_12",23811,57
"cadiz","2020_06",23793,57
"cantabria","2001_06",6143,77
"cantabria","2010_12",6913,62
"cantabria","2011_06",6923,58
"cantabria","2011_12",6965,58
"cantabria","2012_06",6974,58
"cantabria","2012_12",7064,56
"cantabria","2013_06",7087,56
"cantabria","2013_12",7116,55
"cantabria","2014_06",7178,55
"cantabria","2014_12",7196,44
"cantabria","2015_06",7199,44
"cantabria","2015_12",7203,41
"cantabria","2016_06",7217,38
"cantabria","2016_12",7500,39
"cantabria","2017_06",7505,33
"cantabria","2017_12",7534,33
"cantabria","2018_06",7600,32
"cantabria","2018_12",7583,30
"cantabria","2019_06",7588,29
"cantabria","2019_12",7591,28
"cantabria","2020_06",7592,27
"castellon","2001_06",11763,52
"castellon","2010_12",14032,20
"castellon","2011_06",14063,20
"castellon","2011_12",14102,20
"castellon","2012_06",14148,19
"castellon","2012_12",14229,18
"castellon","2013_06",14263,17
"castellon","2013_12",14318,17
"castellon","2014_06",14354,17
"castellon","2014_12",14370,17
"castellon","2015_06",14478,17
"castellon","2015_12",14500,17
"castellon","2016_06",14525,16
"castellon","2016_12",14551,16
"castellon","2017_06",14612,15
"castellon","2017_12",14646,13
"castellon","2018_06",14671,12
"castellon","2018_12",14664,11
"castellon","2019_06",14705,11
"castellon","2019_12",14721,11
"castellon","2020_06",14732,11
"ceuta","2001_06",528,7
"ceuta","2010_12",545,7
"ceuta","2011_06",546,7
"ceuta","2011_12",546,7
"ceuta","2012_06",600,7
"ceuta","2012_12",600,7
"ceuta","2013_06",600,7
"ceuta","2013_12",602,7
"ceuta","2014_06",602,7
"ceuta","2014_12",595,7
"ceuta","2015_06",606,7
"ceuta","2015_12",606,7
"ceuta","2016_06",606,7
"ceuta","2016_12",606,7
"ceuta","2017_06",626,7
"ceuta","2017_12",628,7
"ceuta","2018_06",628,7
"ceuta","2018_12",628,7
"ceuta","2019_06",628,7
"ceuta","2019_12",628,7
"ceuta","2020_06",628,7
"ciudad real","2001_06",11525,159
"ciudad real","2010_12",13077,95
"ciudad real","2011_06",13120,95
"ciudad real","2011_12",13151,90
"ciudad real","2012_06",13198,90
"ciudad real","2012_12",13216,90
"ciudad real","2013_06",13239,89
"ciudad real","2013_12",13287,87
"ciudad real","2014_06",13303,87
"ciudad real","2014_12",13354,86
"ciudad real","2015_06",13383,86
"ciudad real","2015_12",13411,84
"ciudad real","2016_06",13457,84
"ciudad real","2016_12",13475,84
"ciudad real","2017_06",13462,61
"ciudad real","2017_12",13490,61
"ciudad real","2018_06",13539,58
"ciudad real","2018_12",13573,55
"ciudad real","2019_06",13617,47
"ciudad real","2019_12",13658,47
"ciudad real","2020_06",13676,47
"cordoba","2001_06",13044,43
"cordoba","2010_12",15562,34
"cordoba","2011_06",15585,34
"cordoba","2011_12",15694,34
"cordoba","2012_06",15738,34
"cordoba","2012_12",15796,34
"cordoba","2013_06",15851,34
"cordoba","2013_12",15907,34
"cordoba","2014_06",15915,34
"cordoba","2014_12",15961,34
"cordoba","2015_06",15985,34
"cordoba","2015_12",16025,34
"cordoba","2016_06",16050,34
"cordoba","2016_12",16049,32
"cordoba","2017_06",16055,30
"cordoba","2017_12",16111,30
"cordoba","2018_06",16131,29
"cordoba","2018_12",16099,28
"cordoba","2019_06",16111,27
"cordoba","2019_12",16140,26
"cordoba","2020_06",16143,26
"cuenca","2001_06",10397,221
"cuenca","2010_12",11743,144
"cuenca","2011_06",11766,138
"cuenca","2011_12",11807,134
"cuenca","2012_06",11837,134
"cuenca","2012_12",11902,134
"cuenca","2013_06",11913,131
"cuenca","2013_12",11940,127
"cuenca","2014_06",11960,123
"cuenca","2014_12",12010,119
"cuenca","2015_06",12022,119
"cuenca","2015_12",12041,118
"cuenca","2016_06",12052,115
"cuenca","2016_12",12059,111
"cuenca","2017_06",12077,109
"cuenca","2017_12",12091,97
"cuenca","2018_06",12097,94
"cuenca","2018_12",12120,89
"cuenca","2019_06",12122,89
"cuenca","2019_12",12123,89
"cuenca","2020_06",12141,81
"gipuzkoa","2001_06",3980,1
"gipuzkoa","2010_12",4374,1
"gipuzkoa","2011_06",4383,1
"gipuzkoa","2011_12",4405,1
"gipuzkoa","2012_06",4413,1
"gipuzkoa","2012_12",4427,1
"gipuzkoa","2013_06",4432,1
"gipuzkoa","2013_12",4437,1
"gipuzkoa","2014_06",4442,1
"gipuzkoa","2014_12",4466,1
"gipuzkoa","2015_06",4465,1
"gipuzkoa","2015_12",4469,1
"gipuzkoa","2016_06",4473,1
"gipuzkoa","2016_12",4484,1
"gipuzkoa","2017_06",4485,1
"gipuzkoa","2017_12",4508,1
"gipuzkoa","2018_06",4509,1
"gipuzkoa","2018_12",4503,1
"gipuzkoa","2019_06",4507,1
"gipuzkoa","2019_12",4521,1
"gipuzkoa","2020_06",4522,1
"girona","2001_06",18887,2
"girona","2010_12",21225,2
"girona","2011_06",21210,2
"girona","2011_12",21291,2
"girona","2012_06",21343,2
"girona","2012_12",21543,2
"girona","2013_06",21622,2
"girona","2013_12",21615,2
"girona","2014_06",21704,2
"girona","2014_12",21750,2
"girona","2015_06",21809,2
"girona","2015_12",21832,2
"girona","2016_06",21866,2
"girona","2016_12",21896,2
"girona","2017_06",21904,2
"girona","2017_12",21935,2
"girona","2018_06",21973,2
"girona","2018_12",22025,2
"girona","2019_06",22066,2
"girona","2019_12",22098,2
"girona","2020_06",22126,2
"granada","2001_06",25020,111
"granada","2010_12",29781,84
"granada","2011_06",29935,84
"granada","2011_12",30146,84
"granada","2012_06",30231,84
"granada","2012_12",30389,84
"granada","2013_06",30489,84
"granada","2013_12",30627,84
"granada","2014_06",30738,84
"granada","2014_12",30892,84
"granada","2015_06",30946,84
"granada","2015_12",31166,83
"granada","2016_06",31250,82
"granada","2016_12",31360,81
"granada","2017_06",31417,78
"granada","2017_12",31547,72
"granada","2018_06",31739,70
"granada","2018_12",31848,64
"granada","2019_06",31929,64
"granada","2019_12",32043,64
"granada","2020_06",31929,63
"guadalajara","2001_06",8854,123
"guadalajara","2010_12",11127,57
"guadalajara","2011_06",11209,57
"guadalajara","2011_12",11251,54
"guadalajara","2012_06",11278,54
"guadalajara","2012_12",11311,54
"guadalajara","2013_06",11326,54
"guadalajara","2013_12",11375,52
"guadalajara","2014_06",11416,52
"guadalajara","2014_12",11460,51
"guadalajara","2015_06",11501,51
"guadalajara","2015_12",11514,51
"guadalajara","2016_06",11530,51
"guadalajara","2016_12",11582,47
"guadalajara","2017_06",11588,45
"guadalajara","2017_12",11612,43
"guadalajara","2018_06",11616,41
"guadalajara","2018_12",11624,37
"guadalajara","2019_06",11639,35
"guadalajara","2019_12",11659,35
"guadalajara","2020_06",11680,34
"huelva","2001_06",9798,50
"huelva","2010_12",12194,34
"huelva","2011_06",12238,34
"huelva","2011_12",12301,34
"huelva","2012_06",12335,34
"huelva","2012_12",12423,34
"huelva","2013_06",12468,34
"huelva","2013_12",12519,33
"huelva","2014_06",12569,33
"huelva","2014_12",12707,30
"huelva","2015_06",12719,30
"huelva","2015_12",12789,30
"huelva","2016_06",12798,30
"huelva","2016_12",12853,29
"huelva","2017_06",12895,29
"huelva","2017_12",13020,29
"huelva","2018_06",13057,29
"huelva","2018_12",13117,27
"huelva","2019_06",13134,27
"huelva","2019_12",13202,26
"huelva","2020_06",13218,26
"huesca","2001_06",7617,27
"huesca","2010_12",8928,20
"huesca","2011_06",8988,20
"huesca","2011_12",9051,19
"huesca","2012_06",9054,18
"huesca","2012_12",9109,18
"huesca","2013_06",9129,18
"huesca","2013_12",9177,17
"huesca","2014_06",9191,17
"huesca","2014_12",9245,17
"huesca","2015_06",9262,15
"huesca","2015_12",9275,15
"huesca","2016_06",9321,15
"huesca","2016_12",9342,15
"huesca","2017_06",9358,15
"huesca","2017_12",9392,11
"huesca","2018_06",9403,11
"huesca","2018_12",9405,11
"huesca","2019_06",9431,11
"huesca","2019_12",9447,10
"huesca","2020_06",9464,10
"jaen","2001_06",13900,105
"jaen","2010_12",15811,72
"jaen","2011_06",15864,72
"jaen","2011_12",15996,61
"jaen","2012_06",16037,61
"jaen","2012_12",16095,61
"jaen","2013_06",16153,61
"jaen","2013_12",16320,60
"jaen","2014_06",16348,58
"jaen","2014_12",16385,55
"jaen","2015_06",16409,54
"jaen","2015_12",16434,54
"jaen","2016_06",16464,54
"jaen","2016_12",16502,48
"jaen","2017_06",16532,48
"jaen","2017_12",16569,47
"jaen","2018_06",16625,40
"jaen","2018_12",16606,38
"jaen","2019_06",16628,38
"jaen","2019_12",16667,38
"jaen","2020_06",16640,37
"la rioja","2001_06",6490,69
"la rioja","2010_12",7270,48
"la rioja","2011_06",7301,45
"la rioja","2011_12",7307,45
"la rioja","2012_06",7322,45
"la rioja","2012_12",7339,45
"la rioja","2013_06",7357,45
"la rioja","2013_12",7392,45
"la rioja","2014_06",7401,43
"la rioja","2014_12",7418,43
"la rioja","2015_06",7423,43
"la rioja","2015_12",7429,42
"la rioja","2016_06",7433,36
"la rioja","2016_12",7437,31
"la rioja","2017_06",7432,27
"la rioja","2017_12",7435,24
"la rioja","2018_06",7442,24
"la rioja","2018_12",7454,19
"la rioja","2019_06",7463,15
"la rioja","2019_12",7475,13
"la rioja","2020_06",7487,10
"las palmas","2001_06",14671,85
"las palmas","2010_12",17378,56
"las palmas","2011_06",17422,56
"las palmas","2011_12",17473,54
"las palmas","2012_06",17564,53
"las palmas","2012_12",17595,53
"las palmas","2013_06",17622,53
"las palmas","2013_12",17636,53
"las palmas","2014_06",17660,53
"las palmas","2014_12",17676,51
"las palmas","2015_06",17682,45
"las palmas","2015_12",17698,45
"las palmas","2016_06",17712,45
"las palmas","2016_12",17726,37
"las palmas","2017_06",17689,37
"las palmas","2017_12",17691,36
"las palmas","2018_06",17694,36
"las palmas","2018_12",17721,34
"las palmas","2019_06",17727,32
"las palmas","2019_12",17751,31
"las palmas","2020_06",17847,31
"leon","2001_06",15416,147
"leon","2010_12",17634,119
"leon","2011_06",17681,119
"leon","2011_12",17722,119
"leon","2012_06",17745,119
"leon","2012_12",17780,119
"leon","2013_06",17810,119
"leon","2013_12",17849,119
"leon","2014_06",17903,119
"leon","2014_12",17968,115
"leon","2015_06",18055,111
"leon","2015_12",18101,111
"leon","2016_06",18126,111
"leon","2016_12",18171,109
"leon","2017_06",18182,108
"leon","2017_12",18217,100
"leon","2018_06",18343,96
"leon","2018_12",18368,86
"leon","2019_06",18382,86
"leon","2019_12",18447,79
"leon","2020_06",18478,79
"lleida","2001_06",14266,9
"lleida","2010_12",17357,5
"lleida","2011_06",17496,5
"lleida","2011_12",17560,5
"lleida","2012_06",17699,4
"lleida","2012_12",17778,4
"lleida","2013_06",17812,4
"lleida","2013_12",17876,4
"lleida","2014_06",17897,4
"lleida","2014_12",17975,4
"lleida","2015_06",18034,4
"lleida","2015_12",18106,4
"lleida","2016_06",18173,4
"lleida","2016_12",18182,4
"lleida","2017_06",18239,3
"lleida","2017_12",18278,3
"lleida","2018_06",18298,3
"lleida","2018_12",18363,3
"lleida","2019_06",18393,3
"lleida","2019_12",18417,3
"lleida","2020_06",18560,3
"lugo","2001_06",3711,47
"lugo","2010_12",4083,13
"lugo","2011_06",4112,13
"lugo","2011_12",4134,13
"lugo","2012_06",4135,13
"lugo","2012_12",4147,13
"lugo","2013_06",4160,13
"lugo","2013_12",4183,13
"lugo","2014_06",4184,13
"lugo","2014_12",4208,12
"lugo","2015_06",4214,12
"lugo","2015_12",4216,11
"lugo","2016_06",4249,11
"lugo","2016_12",4252,10
"lugo","2017_06",4253,8
"lugo","2017_12",4267,8
"lugo","2018_06",4267,7
"lugo","2018_12",4265,7
"lugo","2019_06",4265,7
"lugo","2019_12",4267,7
"lugo","2020_06",4282,7
"madrid","2001_06",38728,194
"madrid","2010_12",43791,168
"madrid","2011_06",43877,168
"madrid","2011_12",43954,167
"madrid","2012_06",44058,163
"madrid","2012_12",44142,162
"madrid","2013_06",44214,162
"madrid","2013_12",44269,161
"madrid","2014_06",44298,158
"madrid","2014_12",44331,157
"madrid","2015_06",44365,156
"madrid","2015_12",44410,151
"madrid","2016_06",44426,151
"madrid","2016_12",44457,146
"madrid","2017_06",44482,93
"madrid","2017_12",44505,91
"madrid","2018_06",44494,81
"madrid","2018_12",44436,69
"madrid","2019_06",44503,66
"madrid","2019_12",44545,66
"madrid","2020_06",44564,65
"malaga","2001_06",26197,48
"malaga","2010_12",31909,39
"malaga","2011_06",31952,37
"malaga","2011_12",32061,37
"malaga","2012_06",32120,37
"malaga","2012_12",32209,35
"malaga","2013_06",32284,35
"malaga","2013_12",32488,35
"malaga","2014_06",32505,35
"malaga","2014_12",32670,35
"malaga","2015_06",32710,35
"malaga","2015_12",32819,35
"malaga","2016_06",32985,35
"malaga","2016_12",33114,35
"malaga","2017_06",33127,35
"malaga","2017_12",33216,34
"malaga","2018_06",33246,32
"malaga","2018_12",33314,29
"malaga","2019_06",33348,29
"malaga","2019_12",33304,27
"malaga","2020_06",33340,27
"melilla","2001_06",730,5
"melilla","2010_12",982,5
"melilla","2011_06",983,5
"melilla","2011_12",984,5
"melilla","2012_06",984,5
"melilla","2012_12",986,5
"melilla","2013_06",976,5
"melilla","2013_12",964,5
"melilla","2014_06",965,5
"melilla","2014_12",965,5
"melilla","2015_06",965,5
"melilla","2015_12",965,5
"melilla","2016_06",966,5
"melilla","2016_12",967,5
"melilla","2017_06",968,5
"melilla","2017_12",969,5
"melilla","2018_06",970,4
"melilla","2018_12",971,4
"melilla","2019_06",971,4
"melilla","2019_12",971,4
"melilla","2020_06",971,4
"murcia","2001_06",28032,166
"murcia","2010_12",34900,147
"murcia","2011_06",35037,147
"murcia","2011_12",35270,145
"murcia","2012_06",35375,145
"murcia","2012_12",35494,145
"murcia","2013_06",35687,145
"murcia","2013_12",35874,145
"murcia","2014_06",35929,145
"murcia","2014_12",36063,145
"murcia","2015_06",36135,145
"murcia","2015_12",36233,144
"murcia","2016_06",36275,138
"murcia","2016_12",36457,129
"murcia","2017_06",36531,125
"murcia","2017_12",36632,120
"murcia","2018_06",36741,118
"murcia","2018_12",35859,99
"murcia","2019_06",35894,99
"murcia","2019_12",35944,95
"murcia","2020_06",35947,94
"navarra","2001_06",9906,43
"navarra","2010_12",11700,28
"navarra","2011_06",11742,28
"navarra","2011_12",11775,28
"navarra","2012_06",11811,28
"navarra","2012_12",11870,28
"navarra","2013_06",11919,28
"navarra","2013_12",12037,26
"navarra","2014_06",12053,26
"navarra","2014_12",12096,24
"navarra","2015_06",12103,24
"navarra","2015_12",12124,23
"navarra","2016_06",12141,23
"navarra","2016_12",12171,23
"navarra","2017_06",12181,23
"navarra","2017_12",12201,23
"navarra","2018_06",12189,20
"navarra","2018_12",12198,16
"navarra","2019_06",12200,14
"navarra","2019_12",12243,12
"navarra","2020_06",12257,12
"ourense","2001_06",6300,35
"ourense","2010_12",6906,23
"ourense","2011_06",6911,23
"ourense","2011_12",6947,23
"ourense","2012_06",6998,23
"ourense","2012_12",7039,23
"ourense","2013_06",7052,23
"ourense","2013_12",7061,23
"ourense","2014_06",7064,23
"ourense","2014_12",7069,23
"ourense","2015_06",7072,23
"ourense","2015_12",7076,23
"ourense","2016_06",7102,23
"ourense","2016_12",7112,23
"ourense","2017_06",7114,23
"ourense","2017_12",7160,22
"ourense","2018_06",7169,22
"ourense","2018_12",7141,21
"ourense","2019_06",7146,21
"ourense","2019_12",7146,20
"ourense","2020_06",7149,20
"palencia","2001_06",5448,188
"palencia","2010_12",5964,160
"palencia","2011_06",5967,155
"palencia","2011_12",5972,142
"palencia","2012_06",6000,138
"palencia","2012_12",6001,137
"palencia","2013_06",6010,136
"palencia","2013_12",6006,136
"palencia","2014_06",6025,136
"palencia","2014_12",6028,133
"palencia","2015_06",6028,133
"palencia","2015_12",6035,130
"palencia","2016_06",6040,127
"palencia","2016_12",6066,117
"palencia","2017_06",6081,99
"palencia","2017_12",6093,84
"palencia","2018_06",6111,67
"palencia","2018_12",6119,58
"palencia","2019_06",6126,55
"palencia","2019_12",6136,50
"palencia","2020_06",6139,49
"pontevedra","2001_06",7249,51
"pontevedra","2010_12",8388,16
"pontevedra","2011_06",8411,16
"pontevedra","2011_12",8832,16
"pontevedra","2012_06",8853,16
"pontevedra","2012_12",8882,16
"pontevedra","2013_06",9372,16
"pontevedra","2013_12",9377,16
"pontevedra","2014_06",9443,16
"pontevedra","2014_12",9489,16
"pontevedra","2015_06",9543,16
"pontevedra","2015_12",9545,16
"pontevedra","2016_06",9585,16
"pontevedra","2016_12",9592,16
"pontevedra","2017_06",9651,16
"pontevedra","2017_12",9652,13
"pontevedra","2018_06",9688,11
"pontevedra","2018_12",9707,10
"pontevedra","2019_06",9707,10
"pontevedra","2019_12",9872,10
"pontevedra","2020_06",9873,10
"salamanca","2001_06",13029,394
"salamanca","2010_12",14574,301
"salamanca","2011_06",14674,301
"salamanca","2011_12",14696,300
"salamanca","2012_06",14723,300
"salamanca","2012_12",14769,298
"salamanca","2013_06",14788,291
"salamanca","2013_12",14833,291
"salamanca","2014_06",14841,279
"salamanca","2014_12",14860,233
"salamanca","2015_06",14892,207
"salamanca","2015_12",14899,193
"salamanca","2016_06",14904,187
"salamanca","2016_12",14943,167
"salamanca","2017_06",14956,150
"salamanca","2017_12",14970,99
"salamanca","2018_06",14988,84
"salamanca","2018_12",15015,63
"salamanca","2019_06",15027,59
"salamanca","2019_12",15041,59
"salamanca","2020_06",15046,59
"santa cruz de tenerife","2001_06",15966,82
"santa cruz de tenerife","2010_12",18015,42
"santa cruz de tenerife","2011_06",18047,41
"santa cruz de tenerife","2011_12",18083,40
"santa cruz de tenerife","2012_06",18136,38
"santa cruz de tenerife","2012_12",18184,33
"santa cruz de tenerife","2013_06",18160,32
"santa cruz de tenerife","2013_12",18197,31
"santa cruz de tenerife","2014_06",18210,31
"santa cruz de tenerife","2014_12",18299,30
"santa cruz de tenerife","2015_06",18317,30
"santa cruz de tenerife","2015_12",18327,30
"santa cruz de tenerife","2016_06",18332,27
"santa cruz de tenerife","2016_12",18354,27
"santa cruz de tenerife","2017_06",18391,27
"santa cruz de tenerife","2017_12",18406,26
"santa cruz de tenerife","2018_06",18405,25
"santa cruz de tenerife","2018_12",18436,23
"santa cruz de tenerife","2019_06",18443,23
"santa cruz de tenerife","2019_12",18466,21
"santa cruz de tenerife","2020_06",18468,20
"segovia","2001_06",9601,120
"segovia","2010_12",10918,89
"segovia","2011_06",10981,89
"segovia","2011_12",11026,89
"segovia","2012_06",11073,88
"segovia","2012_12",11127,88
"segovia","2013_06",11175,88
"segovia","2013_12",11218,88
"segovia","2014_06",11249,86
"segovia","2014_12",11264,86
"segovia","2015_06",11274,84
"segovia","2015_12",11266,84
"segovia","2016_06",11272,74
"segovia","2016_12",11277,69
"segovia","2017_06",11286,61
"segovia","2017_12",11304,54
"segovia","2018_06",11316,50
"segovia","2018_12",11329,45
"segovia","2019_06",11345,44
"segovia","2019_12",11349,37
"segovia","2020_06",11355,33
"sevilla","2001_06",29663,80
"sevilla","2010_12",35200,62
"sevilla","2011_06",35260,62
"sevilla","2011_12",35387,62
"sevilla","2012_06",35489,61
"sevilla","2012_12",35571,61
"sevilla","2013_06",35698,61
"sevilla","2013_12",35802,61
"sevilla","2014_06",35836,60
"sevilla","2014_12",35903,60
"sevilla","2015_06",35967,60
"sevilla","2015_12",36008,60
"sevilla","2016_06",36086,59
"sevilla","2016_12",36109,59
"sevilla","2017_06",36178,59
"sevilla","2017_12",36232,58
"sevilla","2018_06",36313,58
"sevilla","2018_12",36374,57
"sevilla","2019_06",36412,56
"sevilla","2019_12",36474,56
"sevilla","2020_06",36524,56
"soria","2001_06",3811,35
"soria","2010_12",4285,28
"soria","2011_06",4299,27
"soria","2011_12",4314,27
"soria","2012_06",4415,27
"soria","2012_12",4503,26
"soria","2013_06",4547,26
"soria","2013_12",4551,25
"soria","2014_06",4570,25
"soria","2014_12",4572,23
"soria","2015_06",4578,23
"soria","2015_12",4703,23
"soria","2016_06",4771,22
"soria","2016_12",4777,20
"soria","2017_06",4833,20
"soria","2017_12",4928,19
"soria","2018_06",4963,19
"soria","2018_12",4996,16
"soria","2019_06",5270,16
"soria","2019_12",5616,14
"soria","2020_06",5626,14
"tarragona","2001_06",18724,15
"tarragona","2010_12",21214,12
"tarragona","2011_06",21240,12
"tarragona","2011_12",21316,12
"tarragona","2012_06",21314,12
"tarragona","2012_12",21399,12
"tarragona","2013_06",21434,12
"tarragona","2013_12",21493,12
"tarragona","2014_06",21517,12
"tarragona","2014_12",21592,12
"tarragona","2015_06",21657,12
"tarragona","2015_12",21717,12
"tarragona","2016_06",21750,12
"tarragona","2016_12",21811,12
"tarragona","2017_06",21946,10
"tarragona","2017_12",22009,9
"tarragona","2018_06",22026,9
"tarragona","2018_12",22073,9
"tarragona","2019_06",22094,8
"tarragona","2019_12",22176,8
"tarragona","2020_06",22202,8
"teruel","2001_06",7711,98
"teruel","2010_12",8490,41
"teruel","2011_06",8508,41
"teruel","2011_12",8528,40
"teruel","2012_06",8539,40
"teruel","2012_12",8582,40
"teruel","2013_06",8587,39
"teruel","2013_12",8585,39
"teruel","2014_06",8605,39
"teruel","2014_12",8616,39
"teruel","2015_06",8629,39
"teruel","2015_12",8634,39
"teruel","2016_06",8673,39
"teruel","2016_12",8694,35
"teruel","2017_06",8719,35
"teruel","2017_12",8731,28
"teruel","2018_06",8742,27
"teruel","2018_12",8755,24
"teruel","2019_06",8772,23
"teruel","2019_12",8790,23
"teruel","2020_06",8808,21
"toledo","2001_06",21636,498
"toledo","2010_12",26346,343
"toledo","2011_06",26446,335
"toledo","2011_12",26553,335
"toledo","2012_06",26672,326
"toledo","2012_12",26775,324
"toledo","2013_06",26892,323
"toledo","2013_12",26963,321
"toledo","2014_06",27004,318
"toledo","2014_12",27070,313
"toledo","2015_06",27103,313
"toledo","2015_12",27139,310
"toledo","2016_06",27173,309
"toledo","2016_12",27219,300
"toledo","2017_06",27252,279
"toledo","2017_12",27300,210
"toledo","2018_06",27317,200
"toledo","2018_12",27332,199
"toledo","2019_06",27359,197
"toledo","2019_12",27404,194
"toledo","2020_06",27426,194
"valencia","2001_06",31546,159
"valencia","2010_12",36424,118
"valencia","2011_06",36591,118
"valencia","2011_12",36699,119
"valencia","2012_06",36870,119
"valencia","2012_12",37082,114
"valencia","2013_06",37226,114
"valencia","2013_12",37330,114
"valencia","2014_06",37415,114
"valencia","2014_12",37496,114
"valencia","2015_06",37575,113
"valencia","2015_12",37602,112
"valencia","2016_06",37646,104
"valencia","2016_12",37690,101
"valencia","2017_06",37782,92
"valencia","2017_12",37862,81
"valencia","2018_06",37920,79
"valencia","2018_12",38164,79
"valencia","2019_06",38214,75
"valencia","2019_12",38365,74
"valencia","2020_06",38417,74
"valladolid","2001_06",10156,277
"valladolid","2010_12",11976,197
"valladolid","2011_06",12003,197
"valladolid","2011_12",12045,198
"valladolid","2012_06",12061,197
"valladolid","2012_12",12101,192
"valladolid","2013_06",12111,192
"valladolid","2013_12",12118,187
"valladolid","2014_06",12119,180
"valladolid","2014_12",12127,179
"valladolid","2015_06",12144,178
"valladolid","2015_12",12165,178
"valladolid","2016_06",12174,172
"valladolid","2016_12",12185,156
"valladolid","2017_06",12204,138
"valladolid","2017_12",12210,123
"valladolid","2018_06",12226,102
"valladolid","2018_12",12237,84
"valladolid","2019_06",12247,80
"valladolid","2019_12",12250,73
"valladolid","2020_06",12245,71
"zamora","2001_06",9603,221
"zamora","2010_12",10182,144
"zamora","2011_06",10200,144
"zamora","2011_12",10253,144
"zamora","2012_06",10271,141
"zamora","2012_12",10357,138
"zamora","2013_06",10365,138
"zamora","2013_12",10401,138
"zamora","2014_06",10420,138
"zamora","2014_12",10427,132
"zamora","2015_06",10439,129
"zamora","2015_12",10470,129
"zamora","2016_06",10503,129
"zamora","2016_12",10515,125
"zamora","2017_06",10531,110
"zamora","2017_12",10551,79
"zamora","2018_06",10563,67
"zamora","2018_12",10580,53
"zamora","2019_06",10589,48
"zamora","2019_12",10599,45
"zamora","2020_06",10603,43
"zaragoza","2001_06",11875,182
"zaragoza","2010_12",13647,82
"zaragoza","2011_06",13670,82
"zaragoza","2011_12",13688,76
"zaragoza","2012_06",13673,76
"zaragoza","2012_12",13755,73
"zaragoza","2013_06",13786,73
"zaragoza","2013_12",13822,73
"zaragoza","2014_06",13856,73
"zaragoza","2014_12",13886,73
"zaragoza","2015_06",13919,73
"zaragoza","2015_12",13962,72
"zaragoza","2016_06",14000,72
"zaragoza","2016_12",14065,67
"zaragoza","2017_06",14077,64
"zaragoza","2017_12",14085,55
"zaragoza","2018_06",14117,50
"zaragoza","2018_12",14143,49
"zaragoza","2019_06",14156,44
"zaragoza","2019_12",14173,39
"zaragoza","2020_06",14189,31
